{"blt077e57537bd83dc6":{"title":"Homepage","url":"/","navbar":{"nav_item":[{"title":"Home","href":"/"},{"title":"Rewards Program","href":"/rewards-program"}]},"modular_blocks":[{"marketing_program":{"marketing_program_group":[{"heading":"Our Rewards program","_metadata":{"uid":"csf0c2a0576d0c8628"},"cta":{"title":"Learn More","href":"/rewards-program"}},{"heading":"Competitive shipping","_metadata":{"uid":"cs4668a89628e03710"},"cta":{"title":"Learn More","href":"/learn-more"}}],"_metadata":{"uid":"csa7e5af03d80d64b2"}}},{"hero_block":{"title":"Pioneering Progress: The Technologies Transforming Our Tomorrow","_metadata":{"uid":"cs7b3145a8d9f157dc"},"description":"Dive into our latest breakthroughs and discover how we are harnessing technology to craft a brighter, more sustainable future. From cutting-edge solutions to behind-the-scenes insights, this article offers a glimpse into the next big things from our innovation labs. Join us on this exciting journey and see where the future is headed!","cta":{"title":"Read More","href":"/pioneering-progress"}}},{"hero_image":{"image":{"uid":"blt0a349d08515fc4ea","created_at":"2024-09-29T13:02:10.678Z","updated_at":"2024-09-29T13:02:10.678Z","created_by":"blt303b74fa96e1082a","updated_by":"blt303b74fa96e1082a","content_type":"image/webp","file_size":"242800","tags":[],"filename":"platform-ad-1.webp","url":"https://images.contentstack.io/v3/assets/blt8f006ae30b45476d/blt0a349d08515fc4ea/66f94fd2fc12b05eba6da324/platform-ad-1.webp","ACL":[],"is_dir":false,"parent_uid":null,"_version":1,"title":"platform-ad-1.webp","publish_details":[{"environment":"blta8faee984d570c99","locale":"en-us","time":"2024-09-29T13:02:55.304Z","user":"blt303b74fa96e1082a","version":1}]},"_metadata":{"uid":"cs2f8b6ffbbd1feeb4"},"subtext":"This DXP enables 2.2x speed"}},{"product_upsell":{"title":"We Offer A Whole Platform!","_metadata":{"uid":"csa6a11fdb358071f6"},"cta":{"title":"Learn More","href":"/learn-more"}}}],"footer_text":"© 2023 Contentstack. All rights reserved.","tags":[],"locale":"en-us","ACL":{},"uid":"blt077e57537bd83dc6","_version":3,"_in_progress":false,"publish_details":[{"environment":"blta8faee984d570c99","locale":"en-us","time":"2024-09-29T13:06:09.075Z","user":"blt303b74fa96e1082a","version":3}]}}