{"blt0a349d08515fc4ea":{"stackHeaders":{"api_key":"blt8f006ae30b45476d","branch":"main"},"urlPath":"/assets/blt0a349d08515fc4ea","uid":"blt0a349d08515fc4ea","content_type":"image/webp","file_size":"242800","tags":[],"filename":"platform-ad-1.webp","url":"https://images.contentstack.io/v3/assets/blt8f006ae30b45476d/blt0a349d08515fc4ea/66f94fd2fc12b05eba6da324/platform-ad-1.webp","ACL":{"roles":[],"others":{"read":false,"create":false,"update":false,"delete":false,"sub_acl":{"read":false,"create":false,"update":false,"delete":false,"publish":false}}},"is_dir":false,"parent_uid":null,"_version":1,"title":"platform-ad-1.webp","publish_details":[{"environment":"blta8faee984d570c99","locale":"en-us","time":"2024-09-29T13:02:55.304Z","user":"blt303b74fa96e1082a","version":1}]}}