{"blt45a88e374b880aad":{"title":"Unveiling Tomorrow: How Our Innovations are Shaping the Future","description":"Dive into our latest breakthroughs and discover how we are harnessing technology to craft a brighter, more sustainable future. From cutting-edge solutions to behind-the-scenes insights, this article offers a glimpse into the next big things from our innovation labs. Join us on this exciting journey and see where the future is headed!","content":"In an era where technology evolves at breakneck speed, it's crucial to stay ahead of the curve. Our innovation labs are at the forefront of this journey, constantly pushing the boundaries of what's possible. In this article, we'll explore some of the most exciting developments emerging from our labs and how they promise to transform our world.\n\nOur first spotlight is on renewable energy. With climate change posing an ever-increasing threat, our labs have been focused on developing more efficient and accessible renewable energy technologies. From advanced solar panels that can harness sunlight more effectively to wind turbines designed for urban environments, our solutions are not just environmentally friendly but also economically viable. These innovations are set to revolutionize how we power our homes, industries, and cities, moving us closer to a zero-carbon future.\n\nArtificial Intelligence (AI) and Machine Learning (ML) are no longer just buzzwords; they are realities reshaping our world. Our labs are pioneering AI and ML applications that range from healthcare diagnostics to environmental monitoring. By analyzing vast amounts of data, these technologies can uncover patterns and insights that were previously unattainable. This can lead to breakthroughs in medicine, such as personalized treatment plans, and in environmental protection, by predicting and mitigating the effects of natural disasters.\n\nQuantum computing is poised to be a game-changer. Our researchers are at the cutting edge, developing quantum algorithms that could solve complex problems in seconds—problems that would take conventional computers millennia to crack. This has vast implications for cryptography, material science, and even understanding the universe. Our work in quantum computing is not just about faster processing; it's about unlocking new possibilities.\n\nIn a world governed by schedules and meticulous planning, the concept of spontaneity seems like a lost art. Yet, there's an undeniable charm in the unexpected twists and turns that life throws our way. This blog explores the beauty of spontaneity and how it can add a unique flavor to our lives.\n\nPicture this: a sudden road trip with friends, decided on a whim, leading you to discover a quaint little town you never knew existed. Or a last-minute decision to attend a local concert where you find your new favorite band. These unplanned moments often bring us the most joy, offering experiences that meticulously planned events rarely provide.","articleid":"unveiling-tomorrow","tags":[],"locale":"en-us","ACL":{},"uid":"blt45a88e374b880aad","_version":1,"_in_progress":false,"publish_details":[{"environment":"blta8faee984d570c99","locale":"en-us","time":"2024-09-29T12:57:07.919Z","user":"blt303b74fa96e1082a","version":1}]},"blt8f471ba7de37e715":{"title":"Pioneering Progress: The Technologies Transforming Our Tomorrow","description":"Dive into our latest breakthroughs and discover how we are harnessing technology to craft a brighter, more sustainable future. From cutting-edge solutions to behind-the-scenes insights, this article offers a glimpse into the next big things from our innovation labs. Join us on this exciting journey and see where the future is headed!","content":"In an era where technology evolves at breakneck speed, it's crucial to stay ahead of the curve. Our innovation labs are at the forefront of this journey, constantly pushing the boundaries of what's possible. In this article, we'll explore some of the most exciting developments emerging from our labs and how they promise to transform our world.\n\nOur first spotlight is on renewable energy. With climate change posing an ever-increasing threat, our labs have been focused on developing more efficient and accessible renewable energy technologies. From advanced solar panels that can harness sunlight more effectively to wind turbines designed for urban environments, our solutions are not just environmentally friendly but also economically viable. These innovations are set to revolutionize how we power our homes, industries, and cities, moving us closer to a zero-carbon future.\n\nArtificial Intelligence (AI) and Machine Learning (ML) are no longer just buzzwords; they are realities reshaping our world. Our labs are pioneering AI and ML applications that range from healthcare diagnostics to environmental monitoring. By analyzing vast amounts of data, these technologies can uncover patterns and insights that were previously unattainable. This can lead to breakthroughs in medicine, such as personalized treatment plans, and in environmental protection, by predicting and mitigating the effects of natural disasters.\n\nQuantum computing is poised to be a game-changer. Our researchers are at the cutting edge, developing quantum algorithms that could solve complex problems in seconds—problems that would take conventional computers millennia to crack. This has vast implications for cryptography, material science, and even understanding the universe. Our work in quantum computing is not just about faster processing; it's about unlocking new possibilities.\n\nIn a world governed by schedules and meticulous planning, the concept of spontaneity seems like a lost art. Yet, there's an undeniable charm in the unexpected twists and turns that life throws our way. This blog explores the beauty of spontaneity and how it can add a unique flavor to our lives.\n\nPicture this: a sudden road trip with friends, decided on a whim, leading you to discover a quaint little town you never knew existed. Or a last-minute decision to attend a local concert where you find your new favorite band. These unplanned moments often bring us the most joy, offering experiences that meticulously planned events rarely provide.","articleid":"pioneering-progress","tags":[],"locale":"en-us","ACL":{},"uid":"blt8f471ba7de37e715","_version":1,"_in_progress":false,"publish_details":[{"environment":"blta8faee984d570c99","locale":"en-us","time":"2024-09-29T12:57:07.938Z","user":"blt303b74fa96e1082a","version":1}]}}